iter,nmi,vmea,ari,loss
0,0.30776,0.30776,0.16382,0.0
0,0.27431,0.27431,0.14951,0.0
0,0.16437,0.16437,0.08006,0.0
